item_code,cluster_l1,cluster_l2,cluster_combined,description
1000200029,6,0,6,CALMSAPH (ALUM. MAG. HYDROXIDE) 200MG/100MG CHEWABLE TAB
1000200057,9,0,9,INFAMIX (MEFENAMIC ACID) 50MG 60ML SUSP
1000200064,7,0,7,PLURADEC ( GUAIFENESIN 100MG + PPA 6.6MG + CPM) 2MG PER 5ML 120ML
11364946142,4,0,4,OR CAP
11593277501,9,0,9,NGT FR8
12165633962,2,0,2,BETADINE WOUND 7.5ML
12750115947,7,0,7,KIDNEY BASIN PLASTIC
13330569,9,0,9,ANNIV DISC SDS2YO
14981866658,9,0,9,OXYGEN CANNULA ADULT
15291549203,7,0,7,FOLEY CATH 16
18669180074,9,0,9,SYRINGE 10CC
18904173220731,7,0,7,CLOBIMED (CLOBETASOL PROPIONATE) 0.5MG/G OINTMENT 15G
2000640000932,2,0,2,GATORADE BLUE BOLT 1.5L
20408794,9,0,9,ELASTIC BANDAGE 2X5
21046605,2,0,2,SAPHCORBIC-100 (ASCORBIC ACID) 120ML
21958939,6,0,6,SENOKOT (CALCIUM SENNOSIDES) 8.77MG TAB
23554917,5,0,5,SANITARY BALM (CAMPHOR+MENTHOL) 10G
25802609256,7,0,7,URINE BAG 1L W/O HOOK
27719626,0,0,0,YAKULT 80ML
29682409253,7,0,7,ELASTIC BANDAGE 4x5
32753762597,9,0,9,KATINKO BALM 10G
34135711937,4,0,4,STOMACH TUBE NGT FR16
34335010350,7,0,7,FOLEY CATH 14
37321667384,0,0,0,EFFICASCENT OIL REG 25ML
37474317,6,0,6,SOUTH MOON FABRIC BANDAGES 5X4.5CM
39851079,5,0,5,NEBULIZER KIT
4005808301843,3,0,3,NIVEA COOL KICK 50ML SINGLE
4005808324774,3,0,3,NIVEA INTENSIVE MOISTURE BODY MILK 125ML LOTION
41737620,0,0,0,C2 SOLO APPLE 230ML
42074398686,2,0,2,OXYGEN MASK PEDIA
42300052,2,0,2,NIVEA EXTRA WHITE SERUM ROLL ON 20ML
44042546863,7,0,7,PARTNERS GAUZE ROLL
4800003439540,2,0,2,ESKINOL CLASSIC GLOW 75ML
4800003439557,2,0,2,ESKINOL CLASSIC W/ GRAINS 225L
4800003492576,5,0,5,DR. KAUFMANN IR SULFUR WHITE 80G
4800010064360,4,0,4,HELLO VANILLA
4800010075069,0,0,0,CREAM-O VANILLA
4800010075526,1,0,1,CREAM-O VANILLA
4800011000022,0,0,0,MAMA&#039;S LOVE COTTON BUDS 100 TIPS
4800011000053,8,0,8,MAMA&#039;S LOVE COTTON BUDS 400 TIPS
4800011010007,8,0,8,MAMA&#039;S LOVE COTTON BUDS 200s CAN
4800011101033,5,0,5,ACEITE DE ALCAMFORADO (IPI) 50ML
4800011110004,5,0,5,BIODERM OINTMENT 5G
4800011110011,0,0,0,BIODERM OINTMENT 15G TUBE
4800011110028,0,0,0,BIODERM OINTMENT 5G TUBE
4800011111162,5,0,5,BIODERM SOAP TIMELESS BEIGE 135G
4800011120614,5,0,5,CASINO ALC ACTIVE150ML
4800011120621,5,0,5,CASINO ALC ACTIVE 250ML
4800011121529,5,0,5,CASINO 250ML
4800011121550,5,0,5,CASINO FEMME 250ML
4800011122212,5,0,5,CASINO ALC FEMME W/DUAL MOIST 150ML
4800011122236,5,0,5,CASINO ALC FEMME W/DUAL MOIST 500ML
4800011133331,2,0,2,EFFICASCENT OIL REG 50ML
4800011133348,3,0,3,EFFICASCENT OIL REG 100ML
4800011145303,5,0,5,OMEGA ADVANCE SPRAY 50ML
4800011147734,9,0,9,HYDROGEN PEROXIDE VOL 10 3% 50ML
4800011147741,8,0,8,IPI HYDROGEN PEROXIDE VOL 10 3% 120ML
4800011155630,1,0,1,ML ABS COTTON BALLS 50&#039;S
4800011159041,5,0,5,IPI (ACEITE DE MANZANILLA) 100ML
4800011171531,5,0,5,IPI SALICYLIC ACID 50ML
4800011179049,5,0,5,DR. S WONG&#039;S SULFUR SOAP 80G
4800011179063,5,0,5,DR. S WONG&#039;S SULFUR SOAP 135G
4800011187037,5,0,5,IPI METHYL SALICYTATE WINTERGREEN 50ML
4800011501086,0,0,0,ML ABS COTTON BALLS 100&#039;S
4800016022180,0,0,0,GREAT TASTE WHITE CREMA TWINPACK
4800016022258,9,0,9,GREAT TASTE CHOCO TWINPACK
4800016022265,0,0,0,GREAT TASTE 3N1 WHITE TWIN PACK
4800016024467,0,0,0,GREAT TASTE CREAM-O COFFEE TWIN PACK
4800016052040,0,0,0,C2 GREEN TEA APPLE 355ML
4800016052057,0,0,0,C2 GREEN TEA LEMON 355ML
4800016052774,1,0,1,C2 APPLE 1000ML
4800016065859,0,0,0,HELLO STRAWBERRY
4800016068195,0,0,0,C2 SOLO LEMON 230ML
4800016073953,9,0,9,VITASOY ORIGINAL 300ML
4800016073960,0,0,0,VITASOY CHOCOLATE 300ML
4800016074097,1,0,1,C2 SOLO MELON 230ML
4800016074882,1,0,1,GREAT TASTE VANILLA 300ML
4800016074899,9,0,9,GREAT TASTE MOCHA 300ML
4800016087530,0,0,0,MAGIC CREAMS (CHEESE CREAM) 280G
4800016087554,0,0,0,MAGIC CREAM CHOCOLATE 28G
4800016087592,0,0,0,MAGIC CREAM BUTTER 28G
4800016091117,0,0,0,SWISS MISS DARK CHOCOLATE 31G
4800016091179,0,0,0,SWISS MISS CHOCOLATE HAZEL NUT 26G
4800016105098,1,0,1,CHIZ CURLS 55G
4800016105746,0,0,0,CHIZ CURLS 18G
4800016110535,1,0,1,MANG JUAN SUKANG PAOMBONG 26G
4800016110542,0,0,0,MANG JUAN SUKA&#039;T SILI 26G
4800016112430,1,0,1,QUAKE OVERLOAD BLACK FOREST 30G
4800016114274,0,0,0,DEWBERRY BLUEBERRY CHEESECAKE 33G
4800016115011,0,0,0,MANG JUAN (CHIKEN SKIN FLAVOR) 17G
4800016115110,9,0,9,MANG JUAN (CHIKEN SKIN AND SUKA FLAVOR) 17G
4800016115431,9,0,9,MANG JUAN KLASIC CHICHARON 26G
4800016138546,1,0,1,TORTILLOS CHEESE FLAVOR 100G
4800016552106,0,0,0,NISSIN CUP MINI BEEF
4800016552113,2,0,2,NISSIN CUP MINI SEAFOODS
4800016552120,0,0,0,NISSIN CUP MINI CHICKEN
4800016552137,0,0,0,NISSIN CUP BATCHOY 40G
4800016552274,0,0,0,NISSIN BULALO
4800016552298,9,0,9,YAKISOBA SAVORY BEEF 52G
4800016552304,2,0,2,NISSIN YAKI SOBA SPICY CHICKEN 52G
4800016557217,2,0,2,NISSIN SOTANGHON CHICKEN 40G
4800016561184,0,0,0,NISSIN CUP MINI CREAMY SEAFOODS
4800016561443,2,0,2,NISSIN HOT CREAMY SEAFOODS 40G
4800016561498,2,0,2,NISSIN CUP CHS SF 50G
4800016561863,8,0,8,NISSIN SPC PORK TONKO
4800016601583,9,0,9,CHIPPY GARLIC & VINEGAR SMALL
4800016604225,0,0,0,NOVA BBQ 40G
4800016622533,1,0,1,VCUT SPICY BBQ 25G
4800016627262,0,0,0,CHOCO KNOTS 28G
4800016627279,0,0,0,BERRY KNOTS STRAWBERRY 25G
4800016633621,9,0,9,PIATTOS PIZZA 40G
4800016633782,0,0,0,PIATTOS ROADHOUSE BBQ 40G
4800016635052,1,0,1,CHIPPY MILD & TASTY SMALL
4800016635243,0,0,0,PIC-A CHEDAR SNK 90G
4800016635250,0,0,0,PIC-A BBQ OVERLOAD 90G
4800016635281,8,0,8,POTATO CHIPS PLAIN 22G
4800016635342,8,0,8,POTATO CHIPS SOUR CREAM & ONION 22G
4800016642029,1,0,1,CHIPPY BBQ 25G
4800016652035,0,0,0,MR. CHIPS 26G
4800016661006,1,0,1,ROLLER COASTER CHEESE 24G
4800016663802,0,0,0,NOVA CHEDDAR SMALL
4800016665271,2,0,2,PIATTOS ROAST BEEF 40G
4800016666247,8,0,8,NOVA SWEET CHILI SMALL
4800016666445,0,0,0,MR. CHIPS MANAMIS MAIS 45G
4800016666452,9,0,9,MR. CHIPS SWEET CORN 110G
4800016677298,9,0,9,NOVA NACHO CHEESE SMALL
4800016677342,1,0,1,MANG JUAN SPICY FRIED PUSIT 80G
4800016680267,7,0,7,CALBEE HONEY BUTTER 60G
4800016680540,0,0,0,CALBEE HONEY BUTTER 22G
4800016964060,0,0,0,CLOUD 9 WHITE 28G/12 PC
4800016964299,0,0,0,CLOUD-9 PEANUT 50G
4800031205605,0,0,0,LAI LAI 25G
4800047820021,5,0,5,GREENCROSS 70% 250ML
4800047820236,5,0,5,GREENCROSS 70% 150ML
4800049720107,0,0,0,NATURE&#039;S SPRING 350ML
4800064630047,0,0,0,EZ LUBRICATING JELLY 10G
4800067049051,2,0,2,BBFLO PREEMIE NURSER 2 OZ
4800067051689,7,0,7,BBFLO BOTTLE TRANSPA HEXA 4OZ
4800067052167,7,0,7,BBFLO SILICON NIPPLE S
4800067052211,5,0,5,BBFLO SILICON NIPPLE M
4800067056004,0,0,0,BBFLO GENTLE BUDS PLASTIC 36TIP
4800067058015,3,0,3,BBFLO BREAST PUMP PLASTIC
4800067058367,2,0,2,BBFLO NASAL ASPIRATOR
4800067070482,2,0,2,BBFLO PETROLEUM JELLY UNSCENTED 25G
4800067070567,5,0,5,BBFLO JELLY POWDER SCENT 25G
4800067070604,5,0,5,BBFLO PETROLEUM JELLY SOOTH & RELAX 25G
480006707070567,2,0,2,BBFLO PETROLEUM JELLY POWDERY FRESH 25G
4800067070734,2,0,2,BBFLO PETROLEUM JELLY UNSCENTED 50G
4800067070758,2,0,2,BBFLO PETROLEUM JELLY POWDERY FRESH 50G
4800067070772,2,0,2,BBFLO PETROLEUM JELLY SOOTH & RELAX 50G
4800067126905,2,0,2,CLEENE (ETHYL ALCOHOL) 70% SOLUTION 150ML
4800067147085,5,0,5,CLIO DENTAL FLOSS 50M (CLEENE
4800067450840,1,0,1,RHEA ISOPROPYL ALCOHOL SCENTED AND MOISTURIZER 60ML
4800067453544,9,0,9,RHEA HYDROGEN PEROXIDE 20VOL 120ML
4800067551011,0,0,0,MEDIPLAST BANTAM PLASTIC STRIPS 12s
4800067642573,5,0,5,APOLLO PETROLEUM JELLY 25G
4800067642580,3,0,3,APOLLO PETROLEUM JELLY 100G
4800067644843,5,0,5,APOLLO PETROLEUM JELLY 50G
4800067702321,2,0,2,BBFLO GENTLE BUDS WHITE 200s TIPS+36 TIPS
4800092113246,1,0,1,REBISCO CREAM
4800092113253,8,0,8,REBISCO CHOCO
4800092113260,8,0,8,REBISCO STRAWBERRY
4800092113277,4,0,4,REBISCO BUTTER
4800092113352,0,0,0,FROOTEES STRAWBERRY
4800092113369,1,0,1,FROOTEES GRAPE
4800092113376,9,0,9,FROOTEES MANGO JAM
4800092115288,1,0,1,REBISCO PASTILLAS
4800092115660,8,0,8,REBISCO HONEY BUTTER
4800092118746,1,0,1,FROOTEES GREEN APPLE
4800092551284,1,0,1,FUDGEE BAR MILK
4800092551369,1,0,1,FUDGEE BAR VANILLA
4800092551383,1,0,1,FUDGEE BAR MOCHA
4800092551444,4,0,4,FUDGEE BAR MACAPUNO
4800092556586,1,0,1,CRISS CROSS CREAMY CHEESE 64G
4800092773204,1,0,1,TOSTAS CHEESE SWEET CORN 48G
480011147741,0,0,0,HYDROGEN PEROXIDE VOL 10 3% 120ML
4800116043009,1,0,1,SUNFLOWER BUTTER CREAM CRACKERS 25G
4800116098009,1,0,1,SUNFLOWER BUTTER CREAM UBE CRACKERS 25G
4800119131659,9,0,9,STYLEX EXTREME HOLD 50G
4800119131666,2,0,2,STYLEX EXTREME HOLD 125G
4800119131673,5,0,5,STYLEX STRONG HOLD (CLEAR) 50G
4800119131680,2,0,2,STYLEX STRONG HOLD 125G
4800119131697,9,0,9,STYLEX NORMAL HOLD 50G
4800119220469,8,0,8,HYGIENIX ALCHOL 150ML
4800131140813,9,0,9,BIOGENIC (ISOPROPYL ALCOHOL) 70% 150ML
4800131291683,2,0,2,BIOGENIC (ISOPROPYL ALCOHOL) 70% 500ML
4800135002278,6,0,6,MYRA ULTIMATE (ASTAXANTHIN + LYCOPENE + VITAMIN E) CAP
4800135003176,5,0,5,MYRA CLASSIC MOISTURIZING LOTION 100ML
4800135003183,3,0,3,MYRA CLASSIC MOISTURIZING LOTION 200ML
4800135003213,2,0,2,MYRA MOISTURIZING PLUS 50ML LOTION
4800135003244,5,0,5,MYRA CLASSIC WHITENING LOTION 50ML
4800135003251,5,0,5,MYRA CLASSIC WHITENING LOTION 100ML
4800135003886,0,0,0,MYRA SMOOTH GLOW MOIST 7ML
4800135003893,8,0,8,MYRA FRESH GLOW FACIAL MOISTURIZER 7ML
4800135003916,1,0,1,MYRA FRESH GLOW 10ML
4800135005200,5,0,5,GYNEPRO 60ML FEMWASH
4800135005705,5,0,5,PH CARE COOLING COMFORT 50ML
4800135005729,9,0,9,PH CARE COOLING COMFORT 5ML
4800135005897,3,0,3,PH CARE FLORAL CLEAN 150ML
4800135005903,5,0,5,PH CARE FLORAL CLEAN 50ML
4800135005927,0,0,0,PH CARE FLORAL CLEAN 5ML
4800135006139,5,0,5,PH CARE DELICATE WHITE 50ML
4800135006153,3,0,3,PH CARE DELICATE WHITE 150ML
4800135006542,5,0,5,PH CARE NATURAL PROTECTION 50ML
4800135006566,3,0,3,PH CARE NATURAL PROTECTION 150ML
4800135007785,9,0,9,PH CARE FLORAL CLEAN 5ML
4800135007808,4,0,4,PH CARE DELICATE WHITE 5ML
4800135007815,4,0,4,PH CARE COOLING COMFORT 5ML
4800135007839,0,0,0,PH CARE NATURAL PROTECTION 5ML
4800135010853,7,0,7,GYNEPRO 60ML +MODESS SET
4800136111047,2,0,2,LACTACYD BABY BATH 60ML
4800136650027,6,0,6,LASIX TAB 40MG
4800136960010,2,0,2,LACTACYD PRO SENSITIVE 60ML
4800140001341,6,0,6,PONSTAN SF 250MG CAP
4800141512921,9,0,9,C.Y GABRIEL SPECIAL PINK 60G
4800141512938,9,0,9,C.Y GABRIEL SPECIAL GREEN 60G
4800141512945,5,0,5,C.Y GABRIEL PAPAYA 60G
4800153151194,2,0,2,BONAMIL 6-12 MONTHS 150G
4800153300691,3,0,3,ROBIKIDS 250MG/5ML SUSPENSION 60ML
4800153924354,9,0,9,SIMECO TAB
4800194101134,2,0,2,CRACKLINGS 50G
4800194101783,8,0,8,POTATO CRISPS CHEESE 18G
4800194104869,1,0,1,CRISPY PATATA 24G
4800194104937,0,0,0,LMC TATER T CUCUMBER 18G
4800194104968,0,0,0,OISHI PRAWN CRACKER SPICY 24G
4800194105972,1,0,1,LMC POPCORN CARAMEL 60G
4800194106016,2,0,2,POTATO FRIES PLAIN SALTED 50G
4800194106771,2,0,2,POTATO FRIES CHEESE 50G
4800194115247,8,0,8,MOBSTERS POPCORN CARAMEL&CHEESE 60G
4800194115445,1,0,1,OISHI POPCORN CHOCOLATE 60G
4800194116466,0,0,0,PILLOWS CHOCO 38G
4800194152327,0,0,0,PILLOWS UBE 38G
4800194152839,1,0,1,MARTY&#039;S CHICKEN INASAL 26G
4800194152891,1,0,1,MARTY&#039;S SPICY VINEGAR SMALL
4800194152907,9,0,9,MARTY&#039;S SALT & VINEGAR
4800194153225,9,0,9,OISHI BREAD PAN CHEESE AND ONION 24G
4800194153232,9,0,9,OISHI BREAD PAN TOASTED GARLIC 24G
4800194153683,1,0,1,OISHI BREAD PAN BUTTERED TOAST 24G
4800194177146,1,0,1,OISHI FISH CRACKER 90G
4800194177603,2,0,2,OISHI O-PUSIT 80G
4800194177771,9,0,9,POTATO FRIES CHEESE 90G
4800194177863,1,0,1,OISHI CRISPY PATATA 85G
4800194177931,1,0,1,LMC TATER T CUCUMBER 75G
4800204008620,3,0,3,BETADINE FEM WASH 50ML
4800204031048,6,0,6,C-LIUM FIBRE CAP
4800204031239,6,0,6,C-LIUM FIBER FIBRE SACHET
4800216120013,0,0,0,CLOVER CHIPS CHEESE 24G
4800292139060,9,0,9,TWYNSTA (TELMISARTAN+AMLODIPINE) 80MG/5MG TAB
4800301902692,1,0,1,DIACEL (DICYCLOVERINE) 10MG/5ML 60ML SYR
4800307835352,6,0,6,ARBLOC 100MG FCT
4800318000176,2,0,2,CALPOL DROPS 0-2 YRS OLD 10ML
4800318000190,5,0,5,CALPOL 2-6 YRS 120MG/5ML SUSP 60ML
4800318001517,2,0,2,ADVIL (IBUPROFEN) 100MG/5ML 60ML SYRUP
4800318001876,3,0,3,ROBIKIDS 250MG/5ML 60ML SUSP
4800318002064,2,0,2,CALPOL (PARACETAMOL) 0-2 15ML
4800318002422,4,0,4,CALTRATE SILVER ADVANCE (CHOLECALCIFEROL + MINERALS
4800318407920,3,0,3,SENSODYNE GUM CARE 100G
4800318570082,5,0,5,SCOTT&#039;S CHEWY VIT-C MIXED BERRIES 15s
4800326628188,2,0,2,BIGEN BLACK
4800326628584,5,0,5,BIGEN BROWN BLACK
4800326628782,5,0,5,BIGEN DARK BROWN
4800326628980,7,0,7,BIGEN CHESTNUT BROWN
4800339951044,3,0,3,DYNATUSSIN SYR 60ML
4800360107823,3,0,3,SALINASE .65% NASAL DROP 60ML
48003603022041,2,0,2,SALINASE DRP 30ML
4800360831568,3,0,3,XYLOGEL ORAL GEL 25G
4800361028646,0,0,0,MILO CEREAL WHEAT BALLS 20G
4800361331500,0,0,0,BEAR BRAND STERILIZED MILK 200ML
4800361361811,0,0,0,BEAR BRAND STERMILK W/ GINSENG 200ML
4800361361835,7,0,7,BEAR BRAND STERMILK W/ GINKGO
4800361362139,1,0,1,MILO 180ML
4800361388313,0,0,0,NESTLE CHUCKIE 180ML
4800361395687,0,0,0,CHUCKIE 110ML
4800361396677,0,0,0,BEAR BRAND ADULT PLUS 33G
4800361409117,0,0,0,BEAR BRAND CHOCO MILK 29G
4800361410892,2,0,2,BEAR BRAND FORTIFIED 300G
4800361412063,7,0,7,BEAR BRAND FORTI 180ML
4800361413992,0,0,0,NESCAFE CREAMY LATTE TWIN PACK 51G
4800361415293,0,0,0,MILO 48G TWIN PACK (8s
4800361415347,0,0,0,NESCAFE ORIGINAL TWINPACK
4800361416726,0,0,0,NESCAFE CREAMY WHITE TWIN PACK
4800361425360,7,0,7,NESTLE CHUCKIE 250ML
4800363013121,6,0,6,REGERON-E PLUS (MULTIVITAMINS+IRON) CAP
4800365701101,1,0,1,SUPER CRUNCH SPECIAL CHIP-CHARAP SUKA&#039;T SILI 32G
4800417001081,2,0,2,BENCH ALCOGEL CLASSIC HAND SANITIZER 100G
4800417001203,9,0,9,BABY BENCH COLONIA LEMON DROP 50ML
4800417002736,9,0,9,BABY BENCH COLONIA COTTON CANDY 50ML
4800417002767,7,0,7,BABY BENCH COLONIA COTTON CANDY 100ML
4800417003665,2,0,2,BENCH BRATSPLASH GREEN APPLE 50ML
4800417003726,3,0,3,BENCH BRATSPLASH GREEN APPLE 100ML
4800417005201,5,0,5,BENCH B20 BODY SPRAY 75ML
4800417005218,5,0,5,BENCH EIGHT BODY SPRAY 75ML
4800417005225,5,0,5,BENCH ATLANTIS 75ML BODY SPRAY
4800417005232,2,0,2,BENCH B20 BODY SPRAY 100ML
4800417005249,3,0,3,BENCH EIGHT BODY SPRAY 100ML
4800417008288,3,0,3,HERBENCH BARE ME NOT DEO BODY SPRAY 100ML
4800417008295,3,0,3,BENCH SO IN LOVE DEO BODY SPRAY 100ML
4800417059402,9,0,9,BENCH DAILY SCENT HAPPY HOUR 25ML
4800417059419,9,0,9,BENCH DAILY SCENT HAPPY HOUR 50ML
4800417059471,9,0,9,BENCH DAILY SCENT(HAPPY HOUR) 75ML
4800417059617,9,0,9,BENCH DAILY SCENT LAZY AFTERNOON 25ML
4800417060590,5,0,5,BENCH SO IN LOVE DEO BODY SPRAY 50ML
4800417061924,5,0,5,BENCH DAILY SPELL CLEAN FUN 70ML
4800417061955,2,0,2,BENCH MORNING RUSH BODY MIST 70ML
4800417064895,9,0,9,BENCH DAILY SCENT EYE CANDY 25ML
4800417064901,9,0,9,BENCH DAILY SCENT (EYE CANDY) 50ML
4800417064918,9,0,9,BENCH DAILY SCENT (EYE CANDY) 75ML
4800417065038,9,0,9,BENCH DAILY SCENT SUNDAY MORNING OIL CONTROL POWDER 50G
4800417072166,9,0,9,BENCH DAILY SPELL MAGIC POWDER NATURAL 50G
4800417072173,0,0,0,BENCH DAILY SPELL MAGIC POWDER PINK 50G
4800417072180,2,0,2,BENCH DAILY SPELL MAGIC POWDER WHITE 50G
4800428888817,6,0,6,BIGUERLAI (SENNA GLYCOSIDE) SLIMMING TEA
4800488070443,9,0,9,EQ COLOR S 4&#039;S
4800488070450,9,0,9,EQ COLOR M 4&#039;S
4800488070467,5,0,5,EQ COLOR L 4&#039;S
4800488070474,7,0,7,EQ COLOR XL 4&#039;S
4800488100188,5,0,5,CHARMEE COTTONY W/WINGS 12&#039;S
4800488129820,5,0,5,CARESS MATERNITY PADS 7+1
4800488958772,4,0,4,EQ DRY S 4&#039;S
4800488958789,5,0,5,EQ DRY M 4&#039;S
4800488958802,5,0,5,EQ DRY XL 4s
4800488958826,7,0,7,EQ DRY NB 4&#039;S
4800488960287,2,0,2,EQ PANTS M 10&#039;S
4800488961451,5,0,5,EQ PANTS M 4&#039;S
4800488961468,5,0,5,EQ PANTS L 4&#039;S
4800488961932,5,0,5,EQ PANTS XL 4&#039;S
4800523220284,9,0,9,MOBY CHOCOLATE SMALL
4800523220482,1,0,1,MOBY CHOCOLATE 60G
4800523220802,9,0,9,MOBY CARAMEL SMALL
4800523441832,1,0,1,TOMI SUPER SWEET CORN 25G
4800523441955,9,0,9,LOADED CHOCO 35G
4800523443249,1,0,1,LOADED CHEESE FILLED 32G
4800523443416,1,0,1,LOADED WHITE CHOCO SMALL
4800611223579,9,0,9,COBRA SMART ENERGY DRINK 350ML
4800611546760,9,0,9,COBRA ENERGY DRINK 350ML
4800631000419,1,0,1,BOY BAWANG CRACKER NUTS 85G
4800631000488,2,0,2,BOY BAWANG MIX NUT 85G
4800631001867,0,0,0,BOY BAWANG SNACK MIX 85G
4800631001928,5,0,5,BAWANG ASSTD NUTS 85G
4800888140838,2,0,2,SUNSILK DAMAGE RECONSTRUCTION 180ML
4800888141101,3,0,3,AXE DEO SPRAY DARK TEMPTATION 50ML
4800888141194,8,0,8,CLEAR SHAMPOO COMPLETE SOFT CARE 12ML
4800888142672,3,0,3,REXONA DEO ROLL ON PASSION 25ML
4800888143365,5,0,5,REXONA MEN ROLL ON ICE COOL 25ML
4800888143389,3,0,3,REXONA MEN ICE COOL 45ml
4800888143402,3,0,3,REXONA MEN ROLL ON QUANTUM DRY 50ML
4800888143631,8,0,8,PONDS CLAY-BHA FACIAL SCRUB 10G
4800888144256,5,0,5,REXONA MEN ROLL ON QUANTUM DRY 25ML
4800888147240,0,0,0,CLOSEUP TWIN PACK MENTHOL FRESH 10G
4800888147288,8,0,8,CLOSEUP TWIN PACK RED HOT 10G
4800888150202,4,0,4,POND&#039;S WB SUPER CREAM 7G
4800888150608,8,0,8,REXONA SHOWER CLEAN 3ML
4800888150622,5,0,5,REXONA ROLL ON SHOWER CLEAN 25ML
4800888151100,0,0,0,REXONA DEO LOTION PASSION 3ML
4800888151117,9,0,9,REXONA MEN QUANTUM DRY DEO LOTION 48H 3ML 12s
4800888151704,8,0,8,CLEAR SHAMPOO COOL SPORT MENTHOL 12ML
4800888152725,4,0,4,POND&#039;S WB OS SUPER CREAM DETOX 7G
4800888154354,3,0,3,DOVE STRAIGHT & SILKY 170ML
4800888154873,2,0,2,REXONA MEN ROLL ON SPORT DEFENSE 25ML
4800888158888,4,0,4,REXONA POWDER DRY BRIGHTENING DEO-LOTION 3ML
4800888158925,2,0,2,REXONA ROLL ON POWDER DRY BRIGHTENING 25ML
4800888158994,5,0,5,AXE ROLL-ON DARK TEMPTATION 25ML
4800888160027,0,0,0,REXONA MEN ICE COOL ANTI STAIN DEO LOTION 48H 3ML SACH
4800888169709,8,0,8,SUNSILK STRONG AND LONG 15ML
4800888169716,8,0,8,SUNSILK SMOOTH AND MANAGEABLE 15ML
4800888176875,9,0,9,MASTER ACTIVE WHITENING W/ PAPAYA EXTRACT SCH 5G
4800888178503,3,0,3,"""AXE ROLL-ON """"APOLLO"""" 40ML"""
4800888178510,2,0,2,AXE ROLL-ON APOLLO 25ML
4800888179593,8,0,8,DOVE BIOTIN HAIR FALL RESCUE 12ML
4800888187918,3,0,3,REXONA ROLL ON INVISIBLE DRY 45ML
4800888192882,9,0,9,PONDS MEN FACIAL WASH ENERGY CHARGE 10G
4800888193551,9,0,9,REXONA MEN ROLL ON INVISIBLE DRY 25ML
4800888199119,9,0,9,SURF BAR PURPLE BOOM 120G
4800888214133,8,0,8,SUNSILK SAKURA AND RASPBERRY 15ML
4800888240064,8,0,8,CREAM SILK KERATIN DAMAGE REP. 18ML
4800888282965,8,0,8,SUNSILK ANTI-DANDRUFF HEALTHY STRONG 15ML
4800888283122,0,0,0,CREAMSILK HAIRFALL DEFENSE 22ML
4800888283139,8,0,8,CREAMSILK STANDOUT STRAIGHT 22ML
4800888284334,8,0,8,BREEZE POWDER ACTIVE BLEACH 90G
4801010104100,5,0,5,JOHNSONS MILK+RICE BABY POWDER 50G
4801010104209,2,0,2,JOHNSONS MILK+RICE BABY POWDER 100G
4801010105206,5,0,5,JOHNSONS PINK BLOSSOMS BABY POWDER 100G
4801010107101,2,0,2,JOHNSONS COOLING BABY POWDER 50G
4801010107309,3,0,3,JOHNSONS COOLING BABY POWDER 200G
4801010120117,0,0,0,JOHNSONS BEDTIME BABY POWDER 25G
4801010120124,9,0,9,JOHNSONS BABY COLOGNE SLIDE 50ML
4801010120223,2,0,2,JOHNSONS BABY COLOGNE SLIDE 125ML
4801010121213,9,0,9,JOHNSONS BABY COLOGNE REG 50ML
4801010121312,2,0,2,JOHNSONS BABY COLOGNE REG 125ML
4801010126218,2,0,2,JOHNSONS BABY COLOGNE MORNING DEW 50ML
4801010327103,2,0,2,MODESS ALL NIGHT W/WINGS 4&#039;S
4801010503323,3,0,3,JOHNSONS BABY OIL LITE 125ML
4801010504207,5,0,5,JOHNSONS BABY OIL ALOE VERA 50ML
4801010560609,2,0,2,JOHNSONS BABY SOAP 150G
4801234130848,1,0,1,OFF SOFT&SCENTED SAC 6ML
4801234135010,8,0,8,OFF LOTION (FAMILY CARE) 6ML
4801234135041,9,0,9,OFF BABY LOTION 6ML
4801981118502,0,0,0,COCA-COLA ORIG TASTE 290ML
4801981127177,0,0,0,COCA-COLA ORIG TASTE 190ML
4801981127184,0,0,0,COKE ZERO 195ML
4802288883049,9,0,9,CARE DISPOSABLE DIAPER L 4s
4802288884046,9,0,9,CARE DISPOSABLE DIAPER XL 4s
48031547,2,0,2,EFFICASCENT OIL REG 25ML
48031837,3,0,3,OFF OVERTIME 50ML
48033121,5,0,5,IPI SALICYLIC ACID 25ML
48034050,9,0,9,ESKINOL FC PIMPLE FIGHT 75ML
48035583,9,0,9,RHEA AROMATIC SPIRIT OF AMMONIA 15ML
48035606,8,0,8,RHEA AP-AP SOULTION 15ML
48037600,5,0,5,RHEA POVIDONE IODINE 10% SOL 30ML
48037921,5,0,5,RHEA POVIDONE IODINE 10% SOL 15ML
48038164,2,0,2,ESKINOL SPOT-LESS GLOW FC CALAMANSI 75ML
48038379,5,0,5,OFF KIDS SAC 6ML
48038614,9,0,9,MASTER OIL CONTROL 70ML
4803925033421,0,0,0,STING STRAWBERRY 320ML
4803925061110,5,0,5,GATORADE GRAPES 500ML
4803925350016,2,0,2,GATORADE TROPICAL FRUITS 350ML
4803925350023,7,0,7,GATORADE GRAPES 350ML
4803925350030,7,0,7,GATORADE ORANGE 350ML
4803925350054,0,0,0,GATORADE BLUE BOLT 350ML
4804888800044,0,0,0,ZESTO MANGO 200ML
4804888800082,0,0,0,ZESTO PINEAPPLE 200ML
4804888800143,0,0,0,ZESTO APPPLE 200ML
4804888889759,8,0,8,ZEST.O BIG GRAPES 250ML
4804888900096,0,0,0,ZEZT.O BIG PINEAPPLE 10S
4806018403859,1,0,1,CHOO CHOO CHOCO VANILLA 38G
4806030400812,6,0,6,ACETIMAX 600MG TAB
4806031201104,2,0,2,ASEPTO IRRIGATION BULB (SIMPLEX
4806033300782,6,0,6,RM CELECOXIB 200MG CAP
4806033300928,6,0,6,RM ERYTHROMYCIN STEARATE 500MG TAB
4806035202473,7,0,7,OFPLEMED (LAGUNDI) 300MG/5ML 60ML SYRUP
4806501130026,2,0,2,MUCOBRON EXPECTORANT 60ML SYR
4806501597027,7,0,7,ANLENE PLAIN180G..
4806502162767,9,0,9,SANICARE MINI COTTON BUDS 200 STEM
4806502168585,9,0,9,FEMME SANITARY NAPKINS W/ WINGS REGULAR
4806502168592,1,0,1,FEMME SANITARY NAPKINS W/ WINGS MAXI ALL NIGHT
4806502168608,1,0,1,FEMME PANTY LINER ULTRA THIN 20&#039;S
4806502850022,5,0,5,SYMDEX D 60ML SYR
4806503124566,6,0,6,MIA FORTE (SAMBONG LEAF) TAB
4806503540014,9,0,9,HYGEEN COTTON BALLS 150G
4806503650065,9,0,9,TRIANON MELATONIN 3MG CAP
4806505182137,1,0,1,NOVOFINE 30G 8MM NEEDLE (STERILE) 100&#039;S
4806506315541,2,0,2,LAMPEIN BABY PANT L 15s
4806506319051,7,0,7,SUPER TWINS BABY PANTS M 8S
4806506319068,7,0,7,SUPER TWINS BABY PANTS L 8S
4806506319075,5,0,5,SUPER TWINS BABY PANTS XL 8S
4806506319358,5,0,5,LAMPEIN XXL 4s
4806506319617,7,0,7,LAMPEIN BABY COMFORT 12S NB-S
4806506319716,7,0,7,LAMPEIN S 4S
4806506319723,9,0,9,LAMPEIN M 4S
4806506319730,5,0,5,LAMPEIN L 4S
4806507831064,5,0,5,SILKA ORANGE PAPAYA WHITENING LOTION 100ML
4806507831071,3,0,3,SILKA ORANGE PAPAYA WHITENING LOTION 200ML
4806507831088,5,0,5,SILKA ORANGE PAPAYA SOAP 135G
4806507831170,1,0,1,SILKA ORANGE PAPAYA SOAP 90G
4806507831521,9,0,9,SILKA GREEN PAPAYA SOAP 90G
4806507831538,9,0,9,SILKA GREEN PAPAYA SOAP 135G
4806507831545,5,0,5,SILKA GREEN PAPAYA LOT 50ML
4806507831552,5,0,5,SILKA GREEN PAPAYA LOT 100ML
4806507831569,3,0,3,SILKA GREEN PAPAYA LOT 200ML
4806508841376,6,0,6,DEHYDROSOL (ORS-75 REPLACEMENT) ORAL SOLUTION
4806509690829,1,0,1,JIMM&#039;S 5 IN 1 COFFEE MIX SUGAR FREE
4806510690016,2,0,2,CHERIFER DROP 15ML/230&#039;
4806510690573,3,0,3,PEDZINC PLUS SY 120ML
4806512430016,5,0,5,PAU LINIMENT 30ML
4806512431440,5,0,5,PAU MASAJE PEPPERMINT 60ML
4806512431860,5,0,5,PAU MASAJE ORANGE 60ML
4806515270190,2,0,2,DESOTAP (PHENYLPROPANOLAMINE HYDROCHLORIDE) 12.5MG/5ML 60ML SYRUP
4806516400978,3,0,3,PROPAN TLC 60ML SYRUP
4806516401005,2,0,2,PROPAN TLC DROPS 15ML
4806517042061,1,0,1,GOYA BAR CREAM WHITE 30G
4806517042238,0,0,0,GOYA COOKIES & CREAM 30G
4806517043709,0,0,0,GOYA BAR CREAM WHITE 12G
4806517210019,1,0,1,AFICIONADO COOL SPORTY BLUE 55ML
4806517210026,2,0,2,AFICIONADO FRESH PINK 55ML
4806517213096,5,0,5,AFICIONADO COOL FANCY RED 55ML
4806517214666,1,0,1,AFICIONADO ICY DIVE 55ML
4806517242232,2,0,2,FOLART SYR 60ML
4806517790115,7,0,7,PROSEC (OMEPRAZOLE) 20MG CAP
4806519380086,6,0,6,ANALMIN (MEFENAMIC ACID) 250MG CAP
4806520351464,9,0,9,DRUGMAKERS (MEBENDAZOLE) 100MG/5ML 60ML
4806520352171,4,0,4,MUCOMED (DIPHENHYDRAMINE HYDROCHLORIDE) 25MG CAP
4806520890208,9,0,9,BEWELL-C 500MG CAP 10s
4806520890246,0,0,0,BEWELL-C CAP(PPACK 5+1
4806521162434,8,0,8,MAXIVENT 200MG TAB
4806522730083,8,0,8,DEOROX 450ML
4806522730090,8,0,8,DEOROX 225ML
4806522730151,8,0,8,DEOROX COLOR SAFE 225ML STRAWBERRY SCENT
4806522730526,8,0,8,VENUS CHARM TAWAS ACTIVE FOR MEN 40G
4806523301336,7,0,7,AXMEL (AMOXICILLIN) 250MG 60ML SUSP
4806523301350,9,0,9,AXMEL (AMOXICILLIN) 100MG 10ML DROPS
4806523301794,7,0,7,EXEL (CEFALEXIN) 125MG/5ML SUSP 60ML
4806523302456,9,0,9,COLDREX-PPA 60ML SYR
4806523302487,2,0,2,MYREX SYR 60ML
4806523302685,2,0,2,CETIREX (CETIRIZINE) 10MG/ML 10ML DROPS
4806523431330,5,0,5,HYPHEN (DIPHENHYDRAMINE HCL) 50MG/ML 1ML AMP
4806524141221,7,0,7,AMBIDOL (TRAMADOL HCL) 50MG/ML 2ML AMP
4806524141238,9,0,9,AMCETAM (PARACETAMOL) 300MG/2ML AMP
4806524144246,7,0,7,ELASTIC BANDAGE 15CMX5M
4806524144772,7,0,7,SURE-GUARD URINE BAG 2L
4806524144925,6,0,6,SUREGUARD STERILE LATEX GLOVES 7.5 PAIR
4806524145649,4,0,4,SURE-GUARD DISPOSABLE SYRINGE 1CC
4806524145700,6,0,6,SURE-GUARD SYRINGE DISPOSABLE 10CC
4806524840254,7,0,7,KWELL (PERMETHRIN) 10MG/ML SHAMPOO
4806525250175,2,0,2,EQUISINE MOIST (HYPROMELLOSE) EYE DROPS
4806526296769,9,0,9,PARTNERS ELASTIC BANDAGE 2X5
4806526299821,0,0,0,PARTNERS PEDIATRIC URINE COLLECTOR STERILE 100ML
4806527190189,5,0,5,ALLECUR (CETIRIZINE) 5MG/5MML 60ML SYR
4806527190431,9,0,9,TEMPAID 125MG/5ML 60ML SYR
4806527190547,7,0,7,VENTOBROX SYR 60ML
4806527191520,9,0,9,VN2 (SALBUTAMOL SULFATE) 2MG/5ML SYR 60ML
4806527192312,1,0,1,MEDRIZINE 2.5MG/ML DROPS 10ML
4806527650256,8,0,8,BIODOL (PARACETAMOL) 125MG/5ML SUSP ORANGE 60ML
4806527650263,7,0,7,BIODOL (PARACETAMOL) 250MG/5ML SUSP 60ML
4806529430047,2,0,2,COUXIN (AMBROXOL) 15MG/5ML SYR 60ML
4806529430054,7,0,7,COUXIN (AMBROXOL) 30MG SYR 60ML
4806529430245,9,0,9,DICYCLOVERINE 10MG/5ML 60ML
4806529430528,4,0,4,LUMAR ORS 6G SACHET ORANGE
4806529430580,1,0,1,MILGESIC (PARACETAMOL) 100MG/ML 15ML DROPS
4806529430672,7,0,7,BUTAMOL (SALBUTAMOL) 2MG/5ML SYR 60ML
4806530871211,4,0,4,INDOPLAS DISP SYRINGE 1CC
4806532560144,3,0,3,NASATAPP 6.25MG 15ML
4806532560243,7,0,7,MICROPIL (NORETHISTERONE+ ETHINYL ESTRADIOL) 400MCG/35MCG 21s TAB
4806532560366,6,0,6,HINURON-E (VIT. B-COMPLEX) TAB
4806537640193,6,0,6,ACELIFE (PARACETAMOL) 150MG/ML AMPS
4806789010003,7,0,7,FISSAN PRICKLY HEAT POWDER 50ML
4806789010201,7,0,7,FISSAN FOOT DEODORANT POWDER 50G
4806789440008,7,0,7,ESKINOL PIMPLE FIGHTING 135ML
4807770120244,8,0,8,NISSIN WAFER VANILLA 10G
4807770271168,0,0,0,LUCKY ME BATCHOY 40G
4807770271175,0,0,0,LUCKY ME MINI BULALO
4807770271342,7,0,7,LUCKY ME CHICKEN MAMI 39G
4807770271519,2,0,2,LUCKY ME CHICKEN SOTANGHON 28G
4807770271601,1,0,1,LUCKY ME BEEF 40G
4807770272653,7,0,7,LUCKY ME MINI JJAMPPONG
4807770273612,1,0,1,LUCKY ME SPICY BULALO 40GLUCKY ME SPICY BULALO 40G
4807770274169,8,0,8,LUCKY ME LOMI 40G
4807770274435,9,0,9,LUKY ME SEA TONKO 45G
4807788349088,3,0,3,CONZACE 9+1 CAP
4807788519139,7,0,7,BIOGESIC 120MG/5ML STRAWBERRY SYR 60ML
4807788519191,5,0,5,CEELIN DROP 15ML
4807788519207,3,0,3,CEELIN DROP 30ML
4807788519368,5,0,5,GROWEE PEDTECH (MULTIVITAMINS) 15ML DROP
4807788519580,5,0,5,CEELIN 100MG SYR 60ML
4807788519641,3,0,3,APPEBON KID SYR 60ML
4807788519757,2,0,2,NUTRILIN DRP 15ML
4807788519764,3,0,3,NUTRILIN DROP 30ML
4807788519795,5,0,5,DOLAN FP SUSP 100MG 60ML
4807788519863,5,0,5,E-ZINC DROPS 15ML
4807788519887,3,0,3,EXPEL 6MG DROP 15ML
4807788519986,3,0,3,SOLMUX PEDIATECH DROPS 15ML
4807788520470,3,0,3,HIMOX (AMOXICILLIN) 125MG SUSP. 60ML SUS
4807788520494,3,0,3,HIMOX 100MG DROP 10ML
4807788523518,3,0,3,SOLMUX PEDIATECH (CARBOCISTEINE) 100MG 60ML SYR
4807788523631,5,0,5,CEELIN PLUS SYR 60ML
4807788523709,3,0,3,RESTIME 40MG ORAL DROP 10ML
4807788523952,7,0,7,RESTIME (SIMETICONE) 40MG TAB 10&#039;S
4807788526137,7,0,7,CANDEZ PLUS 16/12.5MG
4807788549648,5,0,5,CEELIN PLUS 40MG DRP 15ML
4807788550668,5,0,5,BIOGESIC 100MG ORANGE 15ML DRP
4807788554703,3,0,3,DECOLSIN 10MG/12.5MG/250MG 60ML SUSP
4807788562128,2,0,2,NUTROPLEX SYRUP 60ML
4807788563279,7,0,7,CEELIN PLUS CHEWABLE (ASCORBIC ACID/ZINC) 10&#039;S TAB
4807788565600,3,0,3,BIOFLU SUSPENSION 2.5MG
4807788568083,5,0,5,TIKI-TIKI 30ML DRP BOT
4807788568090,3,0,3,TIKI-TIKI 120ML SYR
4807788568106,5,0,5,TIKI-TIKI 60ML BOT SYR
48077885696081KIT,5,0,5,#EXP2025-11-30
4807788629265,5,0,5,BIOGESIC (PARACETAMOL) 100MG/ML SYRUP ORANGE
4807788673015,5,0,5,TUSERAN PPA 5+1 CAP
4807788712585,5,0,5,REVICON FORTE TAB 9+1 SET
4807788730022,7,0,7,SOLMUX ADVANCE 5+1 FC TAB
4807788740212,2,0,2,CEELIN PLUS (ASCORBIC ACID ZINC) CEELIN PLUS CHEWABLES 100/10MG 10&#039;S
4807788740977,5,0,5,ALLERTA (LORATADINE) 10MG TAB 2+1 PACK
4807788741950,7,0,7,MAXVIT (MULTIVITAMINS MINERALS+GINSENG+ROYAL JELLY) CAP 6+1 SET
4807788805959,2,0,2,BIOGESIC (PARACETAMOL) 120MG/5ML SYRUP MELON
4808888320106,0,0,0,COLGATE CLASSIC TOOTHBRUSH
4808888411583,2,0,2,PALMOLIVE ALOE VERA 90ML
4808888411705,3,0,3,PALMOLIVE ALOE VERA 180ML
4808888413594,7,0,7,PALMOLIVE INTENSIVE MOISTURE 90ML
4808888413709,3,0,3,PALMOLIVE INTENSIVE MOISTURE 180ML
4808888431222,7,0,7,PALMOLIVE OLIVE OIL & KERATIN 90ML
4808888431444,3,0,3,PALMOLIVE SILKY STRAIGHT OLIVE OIL & KERATIN (VIOLET) 180ML
4809010332127,7,0,7,KATIALIS SOAP 90G
4809010332776,5,0,5,KATIALIS M 15G
4809010332783,7,0,7,KATIALIS BIG 30G
4809010449665,1,0,1,ILOCOS CHICHACORN 100G
4809010449689,9,0,9,ILOCOS CORN CHEESE 100G
4809010449696,2,0,2,ILOCOS CORN BBQ 100G
4809010508898,5,0,5,MILCU DEO POWDER 40G
4809010740014,5,0,5,RDL3 60ML
4809010740038,2,0,2,RDL2 60ML
4809010740052,2,0,2,RDL1 60ML
4809010740069,1,0,1,RDL1 30ML
4809010740076,2,0,2,RDL FACIAL CLEANSER PLAIN 150ML
4809010740083,9,0,9,RDL FACIAL CLEANSER PLAIN 75ML
4809010740090,9,0,9,RDL FACIAL CLEANSER KALAMANSI 150ML
4809010740106,9,0,9,RDL FACIAL CLEANSER KALAMANSI 75ML
4809010740137,2,0,2,RDL FACIAL CLEANSER PAPAYA 150ML
4809010740144,2,0,2,RDL FACIAL CLEANSER PAPAYA 75ML
4809010740359,9,0,9,RDL BABYFACE CREAM 6G
4809010740458,8,0,8,RDL BABYFACE WHITENING CREAM 6G
4809011681378,5,0,5,BOY BAWANG GARLIC 90G
4809012730402,8,0,8,VENUS CHARM ACETONE 60ML
4809012730419,8,0,8,VENUS CHARM ACETONE PURE STRENGTH 30ML
4809012730433,0,0,0,CERES HYDROGEN PEROXIDE 10VOL 120ML
4809012730440,8,0,8,CERES HYDROGEN PEROXIDE 10VOL 50ML
4809012730716,0,0,0,VENUS CHARM TAWAS FLOWER FRESH 40G
4809012730723,8,0,8,VENUS CHARM TAWAS PLAIN 40G
4809012730907,2,0,2,CERES ULTRASCENT OIL 25ML
4809012730976,9,0,9,VENUS CHARM TAWAS POWDER SUNSHINE FRESH 40G
4809013041361,1,0,1,ALIBABA BARBEQUE FLAVOR 30G
4809014258249,5,0,5,TOOTHACHE DROPS (LAR
4809014678030,5,0,5,POTEN CEE SUGAR FREE (ASCORBIC ACID) 500MG TAB
4809030034018,8,0,8,PARTNERS GAUZE BANDAGE 3X10YARDS
4891208040143,8,0,8,OISHI PRAWN CRACKER 24G
4891208040181,1,0,1,RINBEE CHEESE STICK 24G
4902430197359,5,0,5,SAFEGUARD ARCTIC FRESH 130G
4902430293402,2,0,2,WHISPER BREATHABLE COTTONY SOFT W/.WINGS 8&#039;S
4902430293426,2,0,2,WHISPER BREATHABLE COTTONY SOFT NON WINGS 8&#039;S
4902430381789,9,0,9,SAFEGUARD IVORY WHITE CARE 85G
4902430495141,5,0,5,SAFEGUARD FLORAL PINK W/ ALOE 85G
4902430803700,2,0,2,SAFEGUARD LEMON 85G
4902430803724,7,0,7,SAFEGUARD ARCTIC FRESH 130G
4902430934800,5,0,5,SAFE GUARD PURE WHITE 125G
4902430935616,5,0,5,SAFEGUARD FLORAL PINK W/ ALOE 130G
4902430951357,5,0,5,SAFEGUARD FLORAL PINK W/ ALOE 60G
4987072096963,7,0,7,KOOL FEVER ADULT 2&#039;S
4987176003423,2,0,2,VICKS FORMULA 44 15MG/5ML 54ML
4987176016928,5,0,5,VICKS BABY RUB 20G
4987176026743,1,0,1,SAFEGUARD FLORAL PINK JUMBO 90G
500010216,4,0,4,FIRST AID STERILE EYE PADS 8X6CM
500010220,3,0,3,KING MED LANCETS STERILE 23G 200s
500010221,4,0,4,SITICARE DISP SYRINGE 5CC
5000158071162,6,0,6,GAVISCON DOUBLE ACTION TAB
50310456,6,0,6,GAVISCON PEPPERMINT (SODIUM ALGINATE+SODIUM BICARBONATE+CALCIUM CARBONATE) 10 ML SACHET
53953971,4,0,4,TOURNIQUET FLAT BLUE
54897089002,9,0,9,SURGICAL BLADE11
58068224947,4,0,4,SUCTION CATH F 8
58589085181,4,0,4,DISP SYRINGE PROHEALTH 1CC
606722893032,3,0,3,ARM SLING L
606722893035,3,0,3,ARM SLING S
63252813407,9,0,9,NGT FR18
63908885999,7,0,7,FOLEY CATH FR 16
6590718820,7,0,7,CANCARE IV CATH G20
66044802,9,0,9,VITASAPH (MULTIVITAMINS) 60ML SYR
66513858,7,0,7,FOLEY CATHETER FR 8
67238891183,5,0,5,DOVE PINK SOAP 100G
67622094600,2,0,2,DISPOSABLE SYRINGE 50/60CC
6930996020413,6,0,6,MEDIPLAST BAND AID - CG-M
729461168158,1,0,1,CHEESE RING 25G
73112610104,9,0,9,NAGARAYA ORIGINAL 40G
731126102049,8,0,8,NAGARAYA ADOBO 40G
731126104043,8,0,8,NAGARAYA GARLIC 40G
74329007,0,0,0,KING MED DISPOSABLE SYRINGE 10CC
74539065766,7,0,7,OXYGEN CANNULA ADULT
748485400174,1,0,1,PLUS KING SIZE PINEAPPLE
748485401492,0,0,0,BIRCH FREE FORT 33G
74848591503,0,0,0,BIRCH TREE FORTIFIED TWIN PACK 32G
750515017429,0,0,0,FITA CRACKERS
750515031029,0,0,0,SKYFLAKES TSOKOLATE 30G
750515031043,0,0,0,SKYFLAKES CONDENSADA 30G
750515031067,0,0,0,SKYFLAKES SWEETBUTTER 30G
7622300136048,8,0,8,OREO STRAWBERRY
76562273,7,0,7,TRANSPORE 1/2 INCH
786450071827,4,0,4,SITICARE DISP SYRINGE 10CC
82234584,2,0,2,SANICARE BATHROOM TISSUE 4S
86309703965,2,0,2,BETADINE WOUND 25ML
8717163616468,2,0,2,DOVE BAR PINK 135G
8717644190494,5,0,5,DOVE WHITE BEAUTY BAR 100G
87241044,6,0,6,SINUTAB (PARACETAMOL + PHENYLEPHRINE) COLD TAB
88080090593888,7,0,7,GAUZE PAD 4X4 PROHEALTHCARE
8850006304563,0,0,0,COLGATE PLAX PEPPERMINT FRESH MOUTHWASH 60ML
8850006306772,0,0,0,COLGATE PLAX ICE INFINITY MOUTHWASH 60ML
8850006320518,5,0,5,COLGATE AMINO POWDER 74G
8850006321539,3,0,3,COLGATE TRIPLE ACTION 126G (95ML
8850006325230,1,0,1,COLGATE COOL MENTHOL FRESH GREEN 20G
8850006327425,7,0,7,COLGATE AMINO POWDER 149 FOR 2 TUBES
8850006344200,2,0,2,COLGATE BATMAN KIDS 40G
8850006492604,2,0,2,GARD ACTIVE REFERESHING MENTHOL 180ML
8850007010852,2,0,2,JOHNSONS BEDTIME BABY POWDER 100G
8850007010869,3,0,3,JOHNSONS BEDTIME BABY POWDER 200G
8850007010890,5,0,5,JOHNSONS BEDTIME BABY POWDER 50G
8850007011132,5,0,5,JOHNSONS WHITE BABY POWDER 100G
8850007011149,5,0,5,JOHNSONS WHITE BABY POWDER 200G
8850007011187,3,0,3,JOHNSONS PINK BLOSSOMS BABY POWDER 200G
8850007331308,9,0,9,CAREFREE BREATHABLE 8&#039;S
8850007371397,5,0,5,MODESS REGULAR NON WINGS 8&#039;S
8850007371403,5,0,5,MODESS REGULAR W/WINGS 8&#039;S
8850007371434,2,0,2,MODESS REGULAR DRY MAX COVER W/WINGS 8&#039;S
8850087331384,9,0,9,CAREFREE SUPERDRY PL 8s
8850389100684,7,0,7,MOGU MOGU LYCHEE 320ML
8850389100691,7,0,7,MOGU MOGU STRAWBERRY 320ML
8850389101391,1,0,1,MOGU MOGU GRAPES 320ML
8850389106273,2,0,2,MOGU MOGU COCONUT 320ML
8850389109229,1,0,1,MOGU MOGU YOGURT 320ML
8850389112991,1,0,1,MOGU MOGU PINK GUAVA 320ML
8851717040016,2,0,2,DUTCH MILL STRAWBERRY JUICE 180ML
8851717040030,0,0,0,DUTCH MILL MIXED FRUITS JUICE 180ML
8851717040245,7,0,7,DUTCH MILL BLUEBERRY JUICE 180ML
8851717904967,4,0,4,DUTCH MILL DELIGHT 100ML/5S
8851717905407,2,0,2,DUTCH MILL DELIGHT 400ML
8851932323901,3,0,3,AXE DEO SPRAY GOLD TEMPTATION 50ML
8853002302038,0,0,0,DUTCH MILL MIXED BERRIES JUICE 180ML
8904220104857,6,0,6,WOLVIT 5MG FC TAB
8904220114719,7,0,7,DERMAZOLE SHAMPOO 20MG SACHET 8ML
8906070820499,2,0,2,RENODIET-HP 32G
8934868110170,9,0,9,SURF FABCON LUXE PERFUME 25ML
8964001206408,7,0,7,RISEK INSTA 20MG POWDER (OMEPRAZOLE + SODIUM BICARBONATE
89647612573,4,0,4,URINE COLLECTOR
8991991161332,3,0,3,SENSODYNE FRESHMINT 100G
8992760223022,8,0,8,OREO COOKIES CHOCO 9s
8992870565081,7,0,7,SALONPAS GEL 15G
8992870565098,3,0,3,SALONPAS GEL 30G
8995201801001,5,0,5,TEMPRA (PARACETAMOL) 120MG/5ML 30MLSYR ORANGE
8995201801018,5,0,5,TEMPRA FORTE (ORANGE) 30ML
8996001440049,0,0,0,ENERGEN CHOCO 40G
8996001600597,1,0,1,KOPIKO LUCKY DAY 180ML
8998666001719,8,0,8,KOPIKO BROWN 26.5G
8998666001726,0,0,0,KOPIKO BLANCA TWINPACK
8998866624268,0,0,0,TOP CAFE WHITE N&#039; CREAMY 29G
8998898101447,6,0,6,TOLAK ANGIN (HERBALSUPPLEMENT) 155ML SACH
8998899995946,1,0,1,OFF LOTION (SAKURA-NO-HANA) 6ML
90392780266,0,0,0,DROPPER
93070409,9,0,9,PYRESAPH (PARACETAMOL) 125MG/5ML 60ML
9310059050910,3,0,3,LISTERINE FRESH BURST 250ML
9314057013403,5,0,5,VALDA PASTILLES MENTHOL ZIP POUCH 20G
9314057014936,0,0,0,VALDA HARD CANDY LEMON
9314057014943,2,0,2,VALDA HARD CANDY MENTHOL
93760857537,9,0,9,FOLEY CATH FR14
94255989100,7,0,7,NEBULIZER KIT RESPISENZ
95269436827,9,0,9,HYDROGEN PEROXIDE 10VOL 120ML
95508917,4,0,4,PARAWELL -125 (PARACETAMOL) 125MG/5ML
9555839968041,6,0,6,GREAT STERILE LATEX SURGICAL GLOVES 7.0
9556006014547,2,0,2,JOHNSONS BABY SHAMPOO GOLD 100ML
9556006060001,7,0,7,JOHNSONS BABY BATH MILK+RICE 200ML
9556006060308,5,0,5,JOHNSONS BABY BATH MILK+RICE 100ML
96678954,0,0,0,KROPIK
98440618070,2,0,2,COTTON APPLICATOR STICK NON STERILE
986033331456,4,0,4,DISP SYRINGE 3CC PROHEALTH
98668550600,7,0,7,FOLEY CATH FR 18
G17849135,9,0,9,DISP SYRINGE 50CC PROHEALTH
G60421692,2,0,2,OXYGEN MASK ADULT (TABER CARE
G96197103,2,0,2,BETNOCHEM (BETAMETHASONE) 1MG/G CREAM 5G
